"DisplayName","UserPrincipalName","UserType","AccountEnabled"
"Andre Wilson","andre.wilson@kalebdyess1031outlook.onmicrosoft.com","Member","True"
"Chris Evans","chris.evans@kalebdyess1031outlook.onmicrosoft.com","Member","True"
"Jordan Reed","jordan.reed@kalebdyess1031outlook.onmicrosoft.com","Member","True"
"Kaleb Admin","kaleb.admin@kalebdyess1031outlook.onmicrosoft.com","Member","True"
"Olivia Carter","kalebdyess1031_gmail.com#EXT#@kalebdyess1031outlook.onmicrosoft.com","Guest","True"
"Kaleb Dyess","kalebdyess1031_outlook.com#EXT#@kalebdyess1031outlook.onmicrosoft.com","Member","True"
"Maya Collins","maya.collins@kalebdyess1031outlook.onmicrosoft.com","Member","True"
"Nina Patel","nina.patel@kalebdyess1031outlook.onmicrosoft.com","Member","True"
"Taylor Brooks","taylor.brooks@kalebdyess1031outlook.onmicrosoft.com","Member","True"
